first_name,last_name,email,gender
Claudina,Holberry,cholberry0@house.gov,Female
Mariam,Antonio,mantonio1@latimes.com,Female
Raff,Jacobovitch,rjacobovitch2@admin.ch,Male
Tristan,Oager,toager3@wikimedia.org,Male
Bev,Cockayne,bcockayne4@soup.io,Male
Nev,Greenwell,ngreenwell5@tiny.cc,Male
Hadria,Skehens,hskehens6@whitehouse.gov,Female
Glynn,Writer,gwriter7@google.pl,Male
Geri,Verbrugghen,gverbrugghen8@ihg.com,Female
Tani,Laible,tlaible9@flickr.com,Female
Krisha,Icom,kicoma@oaic.gov.au,Male
Bay,Kreber,bkreberb@studiopress.com,Male
Janot,Lucchi,jlucchic@deviantart.com,Female
Aurthur,Wibberley,awibberleyd@lycos.com,Male
Babita,Coulsen,bcoulsene@jalbum.net,Female
Marven,Cullum,mcullumf@nbcnews.com,Male
Arley,Iacovacci,aiacovaccig@fda.gov,Male
Christel,Breffit,cbreffith@jiathis.com,Female
Vonnie,Dudill,vdudilli@4shared.com,Female
Marina,Padley,mpadleyj@un.org,Female
Ware,Tommei,wtommeik@theglobeandmail.com,Male
Clyve,Rehorek,crehorekl@walmart.com,Male
Rici,Loudian,rloudianm@wix.com,Female
Wilmar,Node,wnoden@google.it,Male
Saxe,Harriss,sharrisso@usgs.gov,Male
Rolfe,Aglione,raglionep@npr.org,Male
Emma,Hunte,ehunteq@google.com.br,Female
Clementina,Jakubovits,cjakubovitsr@gov.uk,Female
Terrill,Ponte,tpontes@msu.edu,Male
Ive,Pyle,ipylet@blogger.com,Male
Findley,Stapele,fstapeleu@trellian.com,Male
Augy,Given,agivenv@spiegel.de,Male
Alonso,Janzen,ajanzenw@nationalgeographic.com,Male
Kaia,Hadden,khaddenx@odnoklassniki.ru,Female
Timmi,Gowrie,tgowriey@seattletimes.com,Female
Langsdon,Spelman,lspelmanz@noaa.gov,Male
Dexter,Coldrick,dcoldrick10@trellian.com,Male
Ursulina,Alabastar,ualabastar11@harvard.edu,Female
Ardine,Gauche,agauche12@auda.org.au,Female
Sam,Joskovitch,sjoskovitch13@prlog.org,Female
Tammi,Ellesworth,tellesworth14@addtoany.com,Female
Horton,Getch,hgetch15@wikimedia.org,Male
Karon,Halsworth,khalsworth16@webeden.co.uk,Female
Alden,Buesnel,abuesnel17@archive.org,Male
Quintana,Boyle,qboyle18@delicious.com,Female
Madeleine,Burrow,mburrow19@hibu.com,Female
Colene,Demcak,cdemcak1a@kickstarter.com,Female
Garold,Follet,gfollet1b@nature.com,Male
Dorothea,McCamish,dmccamish1c@cbc.ca,Female
Gwenneth,Wethered,gwethered1d@goo.ne.jp,Female
Kahaleel,Douthwaite,kdouthwaite1e@eepurl.com,Male
Geoffrey,Granham,ggranham1f@sohu.com,Male
Audra,Pilpovic,apilpovic1g@chicagotribune.com,Female
Euell,Batrick,ebatrick1h@amazon.co.jp,Male
Craggie,Bullingham,cbullingham1i@is.gd,Male
Shandee,Hartle,shartle1j@patch.com,Female
Romeo,Gallety,rgallety1k@google.fr,Male
Edmund,Alston,ealston1l@stumbleupon.com,Male
Forest,Parfrey,fparfrey1m@blogtalkradio.com,Male
Antonetta,Yakovliv,ayakovliv1n@netvibes.com,Female
Guntar,Martinson,gmartinson1o@github.io,Male
Bride,Fowkes,bfowkes1p@japanpost.jp,Female
Vassily,Hoovart,vhoovart1q@usgs.gov,Male
Reade,Stallon,rstallon1r@imgur.com,Male
Merrill,McCathay,mmccathay1s@pagesperso-orange.fr,Male
Bing,Scintsbury,bscintsbury1t@linkedin.com,Male
Eliot,Dempsey,edempsey1u@blog.com,Male
Vick,Sedge,vsedge1v@rakuten.co.jp,Male
Bert,Sollars,bsollars1w@wired.com,Female
Shermie,Tomson,stomson1x@businesswire.com,Male
Idaline,Marking,imarking1y@e-recht24.de,Female
April,Leuren,aleuren1z@wordpress.com,Female
Ludwig,Trimbey,ltrimbey20@mapy.cz,Male
Ebenezer,Konrad,ekonrad21@fda.gov,Male
Kelcie,Jelphs,kjelphs22@netscape.com,Female
Aland,Lerhinan,alerhinan23@uol.com.br,Male
La verne,Piscotti,lpiscotti24@ehow.com,Female
Kaitlin,Stollwerck,kstollwerck25@tinypic.com,Female
Mayne,Bold,mbold26@senate.gov,Male
Travers,Lowy,tlowy27@alexa.com,Male
Darb,Doull,ddoull28@xing.com,Female
Chastity,Tattersall,ctattersall29@foxnews.com,Female
Bruis,Keyte,bkeyte2a@livejournal.com,Male
Umberto,Nairn,unairn2b@unesco.org,Male
Cherilynn,Renny,crenny2c@cornell.edu,Female
Gillan,East,geast2d@google.co.uk,Female
Kimberly,Noore,knoore2e@twitter.com,Female
Sigismundo,Rollings,srollings2f@buzzfeed.com,Male
Olympia,Pullan,opullan2g@drupal.org,Female
Marice,Gudde,mgudde2h@elegantthemes.com,Female
Norbert,Lomis,nlomis2i@multiply.com,Male
Noellyn,Godsil,ngodsil2j@guardian.co.uk,Female
Demetria,Crockett,dcrockett2k@arizona.edu,Female
Richardo,Allsopp,rallsopp2l@nature.com,Male
Merle,Sigward,msigward2m@google.es,Female
Lorettalorna,Crumb,lcrumb2n@aol.com,Female
Galina,Borzoni,gborzoni2o@e-recht24.de,Female
Vassili,Bidder,vbidder2p@wunderground.com,Male
Karyl,Rowler,krowler2q@washingtonpost.com,Female
Fidelity,Eleshenar,feleshenar2r@addthis.com,Female
Geri,Kitchenham,gkitchenham2s@europa.eu,Female
Heywood,Tunnick,htunnick2t@hud.gov,Male
Batholomew,Gockelen,bgockelen2u@wisc.edu,Male
Des,Yokley,dyokley2v@blogger.com,Male
Milissent,Larchiere,mlarchiere2w@springer.com,Female
Carrissa,Hecks,checks2x@dagondesign.com,Female
Graehme,Birkhead,gbirkhead2y@slashdot.org,Male
Alexa,Breyt,abreyt2z@weather.com,Female
Ree,Godar,rgodar30@studiopress.com,Female
Devy,Schreiner,dschreiner31@indiatimes.com,Male
Cymbre,Weedenburg,cweedenburg32@ucsd.edu,Female
Timothea,Hughland,thughland33@constantcontact.com,Female
Gerhardine,Lukes,glukes34@senate.gov,Female
Demetris,Elliker,delliker35@slate.com,Male
Dahlia,Gravet,dgravet36@census.gov,Female
Courtney,Stockey,cstockey37@t-online.de,Female
Teressa,Rylatt,trylatt38@phpbb.com,Female
Conn,Brookwell,cbrookwell39@sciencedaily.com,Male
Early,McClure,emcclure3a@blogs.com,Male
Sisile,Asch,sasch3b@ted.com,Female
Danya,Robilliard,drobilliard3c@google.pl,Female
Chaddy,Cassells,ccassells3d@archive.org,Male
Genna,Thirkettle,gthirkettle3e@psu.edu,Female
Harlene,Forrestall,hforrestall3f@ucla.edu,Female
Ignace,Loudwell,iloudwell3g@earthlink.net,Male
Lauraine,Gallant,lgallant3h@taobao.com,Female
Madelin,Stanborough,mstanborough3i@cargocollective.com,Female
Verene,Stonuary,vstonuary3j@macromedia.com,Female
Meredeth,Perrigo,mperrigo3k@wordpress.com,Male
Genni,Kedge,gkedge3l@blogs.com,Female
Giacopo,Grandin,ggrandin3m@dedecms.com,Male
Ora,O'Gormally,oogormally3n@yahoo.com,Female
Osborn,Sissel,osissel3o@unicef.org,Male
Matty,Linay,mlinay3p@dailymotion.com,Female
Ebonee,Mustarde,emustarde3q@princeton.edu,Female
Sullivan,Lambole,slambole3r@si.edu,Male
Monti,Brokenbrow,mbrokenbrow3s@google.com,Male
Vanny,MacMaykin,vmacmaykin3t@ezinearticles.com,Female
Marguerite,Brammar,mbrammar3u@odnoklassniki.ru,Female
Rand,Capell,rcapell3v@nature.com,Male
Giusto,Davidovitz,gdavidovitz3w@indiegogo.com,Male
Roscoe,Noe,rnoe3x@ning.com,Male
Clarissa,Vannozzii,cvannozzii3y@wikimedia.org,Female
Halimeda,Giamitti,hgiamitti3z@comsenz.com,Female
Emalia,Cronin,ecronin40@freewebs.com,Female
Nickie,Harbert,nharbert41@goo.ne.jp,Male
Paulie,Pashby,ppashby42@liveinternet.ru,Male
Allyce,Kennea,akennea43@washington.edu,Female
Wilbur,Farland,wfarland44@columbia.edu,Male
Mike,Avory,mavory45@icq.com,Male
Alphard,Figiovanni,afigiovanni46@utexas.edu,Male
Prince,Errington,perrington47@who.int,Male
Byran,Freckelton,bfreckelton48@zimbio.com,Male
Dorie,Moring,dmoring49@theatlantic.com,Male
Corabel,Kingshott,ckingshott4a@bing.com,Female
Alanson,Readwood,areadwood4b@multiply.com,Male
Steve,Brittan,sbrittan4c@devhub.com,Male
Twila,Hellen,thellen4d@go.com,Female
Garald,MacCahee,gmaccahee4e@miitbeian.gov.cn,Male
Gabbie,Beceril,gbeceril4f@issuu.com,Female
Gustav,Ordemann,gordemann4g@merriam-webster.com,Male
Jarad,Seeborne,jseeborne4h@yahoo.co.jp,Male
Sherie,Illsley,sillsley4i@tiny.cc,Female
Vania,Peatheyjohns,vpeatheyjohns4j@aboutads.info,Female
Padgett,Hayne,phayne4k@pcworld.com,Male
Alicia,Simek,asimek4l@a8.net,Female
Bernetta,Bendin,bbendin4m@sitemeter.com,Female
Vincents,Mangenet,vmangenet4n@hao123.com,Male
Katerine,Bails,kbails4o@yellowpages.com,Female
Allx,Wallege,awallege4p@clickbank.net,Female
Kiley,Grouse,kgrouse4q@rambler.ru,Male
Juan,Astie,jastie4r@amazon.co.uk,Male
Geraldine,Conklin,gconklin4s@tuttocitta.it,Female
Maighdiln,Book,mbook4t@sciencedaily.com,Female
Agustin,Dog,adog4u@mac.com,Male
Anthiathia,Fealey,afealey4v@sfgate.com,Female
Winna,Flynn,wflynn4w@wordpress.com,Female
Aime,Leaning,aleaning4x@jimdo.com,Female
Karyn,Slee,kslee4y@123-reg.co.uk,Female
Yancy,Goodbur,ygoodbur4z@technorati.com,Male
Allison,MacKowle,amackowle50@slideshare.net,Female
Douglass,Hymans,dhymans51@va.gov,Male
Emlyn,Stoker,estoker52@friendfeed.com,Female
Fons,Hudspith,fhudspith53@nasa.gov,Male
Seward,Wicklen,swicklen54@auda.org.au,Male
Asia,Robertot,arobertot55@t.co,Female
Elberta,Northill,enorthill56@networksolutions.com,Female
Gay,Norquoy,gnorquoy57@unicef.org,Male
Garrard,Murrell,gmurrell58@kickstarter.com,Male
Chickie,Borchardt,cborchardt59@barnesandnoble.com,Male
Gilly,Raggitt,graggitt5a@homestead.com,Female
Augusto,Doggrell,adoggrell5b@wired.com,Male
Moses,Starsmore,mstarsmore5c@elegantthemes.com,Male
Jaquenette,Cheshire,jcheshire5d@reddit.com,Female
Aidan,Sterricker,asterricker5e@reddit.com,Female
Vittorio,Wince,vwince5f@google.cn,Male
Doroteya,Grube,dgrube5g@psu.edu,Female
Winnie,O'Shields,woshields5h@npr.org,Male
Wally,Armor,warmor5i@mail.ru,Male
Nikolos,Gynn,ngynn5j@virginia.edu,Male
Tobi,Pettican,tpettican5k@mlb.com,Female
Alvan,Chiechio,achiechio5l@skyrock.com,Male
Matt,Gately,mgately5m@dropbox.com,Male
Piper,Chancellor,pchancellor5n@state.gov,Female
Kandace,Gorvette,kgorvette5o@over-blog.com,Female
Theresita,Gullberg,tgullberg5p@vistaprint.com,Female
Marcel,Karle,mkarle5q@posterous.com,Male
Josias,Hilldrup,jhilldrup5r@123-reg.co.uk,Male
Elvyn,Grooby,egrooby5s@shop-pro.jp,Male
Jon,Morffew,jmorffew5t@mac.com,Male
Vyky,Brookson,vbrookson5u@biglobe.ne.jp,Female
Dorotea,Bedborough,dbedborough5v@php.net,Female
Harp,Eton,heton5w@theglobeandmail.com,Male
Teena,Molineaux,tmolineaux5x@craigslist.org,Female
Shayne,Ciccottini,sciccottini5y@mysql.com,Female
Buiron,Golborn,bgolborn5z@cnbc.com,Male
Samson,Ockenden,sockenden60@goo.gl,Male
Wolfgang,Loughhead,wloughhead61@fda.gov,Male
Marlow,Le Friec,mlefriec62@timesonline.co.uk,Male
Court,MacAlees,cmacalees63@seesaa.net,Male
Ursa,Blacket,ublacket64@simplemachines.org,Female
Vilhelmina,Speirs,vspeirs65@weebly.com,Female
Siana,Benoi,sbenoi66@google.co.uk,Female
Rollie,Battie,rbattie67@mapquest.com,Male
Kristopher,Gotecliffe,kgotecliffe68@spiegel.de,Male
Lynnell,Spall,lspall69@cbc.ca,Female
Missie,Townshend,mtownshend6a@house.gov,Female
Valentia,Guidone,vguidone6b@cbslocal.com,Female
Cornall,Smedley,csmedley6c@privacy.gov.au,Male
Clarence,Simonetto,csimonetto6d@canalblog.com,Male
Sherwin,Wickenden,swickenden6e@liveinternet.ru,Male
Ashley,Pettifer,apettifer6f@ebay.co.uk,Male
Fae,Castille,fcastille6g@mlb.com,Female
Robbie,Lovelady,rlovelady6h@latimes.com,Male
Jermaine,Artrick,jartrick6i@vimeo.com,Female
Ransom,Folkerts,rfolkerts6j@seattletimes.com,Male
Sonnnie,Gaffon,sgaffon6k@yahoo.co.jp,Female
Gerri,Nickels,gnickels6l@fema.gov,Male
Annette,Hourahan,ahourahan6m@simplemachines.org,Female
Ambrose,Corrison,acorrison6n@webnode.com,Male
Rupert,Goadby,rgoadby6o@bing.com,Male
Adrea,Wadforth,awadforth6p@harvard.edu,Female
Valma,Rolfi,vrolfi6q@army.mil,Female
Alaster,Godfray,agodfray6r@virginia.edu,Male
Phip,Alpes,palpes6s@nba.com,Male
Vinnie,Redfearn,vredfearn6t@google.ca,Male
Marnia,de la Valette Parisot,mdelavaletteparisot6u@addtoany.com,Female
Desmond,Galsworthy,dgalsworthy6v@mapquest.com,Male
Ramona,Manoelli,rmanoelli6w@devhub.com,Female
Peyter,Gladyer,pgladyer6x@alibaba.com,Male
Clement,Haddrill,chaddrill6y@imdb.com,Male
Hedvig,Armes,harmes6z@redcross.org,Female
Morgen,Eckert,meckert70@jigsy.com,Female
Gordon,Faragher,gfaragher71@kickstarter.com,Male
Kittie,Bleakman,kbleakman72@youku.com,Female
Cyb,Hartless,chartless73@bigcartel.com,Female
Gustaf,Cay,gcay74@chronoengine.com,Male
Gibb,de Leon,gdeleon75@chicagotribune.com,Male
Phelia,McNeilly,pmcneilly76@state.tx.us,Female
Barbara,Gane,bgane77@latimes.com,Female
Oberon,Walsh,owalsh78@cocolog-nifty.com,Male
Jareb,MacKaig,jmackaig79@bluehost.com,Male
Filip,Menhci,fmenhci7a@ucla.edu,Male
Herculie,Biasio,hbiasio7b@howstuffworks.com,Male
Tammara,Lackham,tlackham7c@usgs.gov,Female
Hilarius,Menezes,hmenezes7d@mashable.com,Male
Darcey,Gruszka,dgruszka7e@simplemachines.org,Female
Klarika,Miller,kmiller7f@usgs.gov,Female
Zachery,Losebie,zlosebie7g@mail.ru,Male
Minerva,Koppke,mkoppke7h@homestead.com,Female
Deidre,Posselt,dposselt7i@wikimedia.org,Female
Shaylah,Tedman,stedman7j@hubpages.com,Female
Susette,McGookin,smcgookin7k@vinaora.com,Female
Nalani,McGrudder,nmcgrudder7l@purevolume.com,Female
Camile,Trudgeon,ctrudgeon7m@google.pl,Female
Jerrold,Ferrulli,jferrulli7n@hexun.com,Male
Brand,Jarrell,bjarrell7o@tinypic.com,Male
Rafaela,Fordyce,rfordyce7p@globo.com,Female
Tammie,De Bruyn,tdebruyn7q@ebay.co.uk,Female
Burg,Brunsden,bbrunsden7r@xrea.com,Male
Angeline,Geeves,ageeves7s@godaddy.com,Female
Alene,Singers,asingers7t@oracle.com,Female
Lucilia,Clawson,lclawson7u@hatena.ne.jp,Female
Hildagarde,Yaus,hyaus7v@cbc.ca,Female
Sebastien,Bemment,sbemment7w@google.com.au,Male
Kenneth,Halshaw,khalshaw7x@vk.com,Male
Vinny,Matussow,vmatussow7y@guardian.co.uk,Male
Brittney,Smidmor,bsmidmor7z@about.com,Female
Art,Belhomme,abelhomme80@amazon.com,Male
Jefferson,Plante,jplante81@scientificamerican.com,Male
Wilbur,Oglethorpe,woglethorpe82@exblog.jp,Male
Andra,McCarter,amccarter83@surveymonkey.com,Female
Babara,Filson,bfilson84@free.fr,Female
Dulcie,Pardoe,dpardoe85@wired.com,Female
Ruy,Pattini,rpattini86@slideshare.net,Male
Sauncho,Rosen,srosen87@dedecms.com,Male
Tasia,Borkett,tborkett88@mozilla.com,Female
Arlee,Sterrick,asterrick89@springer.com,Female
Caprice,Micklewright,cmicklewright8a@accuweather.com,Female
Quint,Enns,qenns8b@ustream.tv,Male
Elset,Doey,edoey8c@a8.net,Female
Jacintha,Hawlgarth,jhawlgarth8d@tamu.edu,Female
Lynne,Font,lfont8e@reddit.com,Female
Austine,Badsworth,abadsworth8f@earthlink.net,Female
Putnam,Sympson,psympson8g@clickbank.net,Male
Elle,Wilcher,ewilcher8h@npr.org,Female
Colly,Jarvie,cjarvie8i@pbs.org,Female
Perceval,McNee,pmcnee8j@forbes.com,Male
Asa,Vanni,avanni8k@furl.net,Male
Alisander,Newgrosh,anewgrosh8l@imdb.com,Male
Chloette,Ganforth,cganforth8m@hostgator.com,Female
Jocelin,Chicchetto,jchicchetto8n@gravatar.com,Female
Alejandra,Hatherall,ahatherall8o@economist.com,Female
Krystle,Heinl,kheinl8p@state.gov,Female
Michel,Ivanusyev,mivanusyev8q@nba.com,Male
Ian,McGonigal,imcgonigal8r@youtube.com,Male
Sheela,Vaud,svaud8s@umich.edu,Female
Lemmie,Walklot,lwalklot8t@mysql.com,Male
Cori,Simek,csimek8u@apple.com,Female
Laurens,Claremont,lclaremont8v@ebay.co.uk,Male
Kordula,Aisman,kaisman8w@quantcast.com,Female
Trude,Boundy,tboundy8x@bbc.co.uk,Female
Clint,Draper,cdraper8y@bizjournals.com,Male
Stevana,Noakes,snoakes8z@de.vu,Female
Bevon,Leven,bleven90@nytimes.com,Male
Lin,FitzAlan,lfitzalan91@so-net.ne.jp,Male
Aurelia,MacKellar,amackellar92@people.com.cn,Female
Waylan,Bryden,wbryden93@goo.ne.jp,Male
Burgess,Scown,bscown94@acquirethisname.com,Male
De,Gorger,dgorger95@csmonitor.com,Female
Kayley,McKernon,kmckernon96@berkeley.edu,Female
Dagmar,Grigor,dgrigor97@earthlink.net,Female
Carmela,Tape,ctape98@aol.com,Female
Ivett,McGaughie,imcgaughie99@home.pl,Female
Jorrie,Haggidon,jhaggidon9a@youtu.be,Female
Mitzi,MacGillacolm,mmacgillacolm9b@opera.com,Female
Henrik,Strotton,hstrotton9c@istockphoto.com,Male
Mead,Fominov,mfominov9d@hubpages.com,Male
Krystyna,Franiak,kfraniak9e@mtv.com,Female
Zuzana,Mobbs,zmobbs9f@nytimes.com,Female
Shanda,Graver,sgraver9g@cbslocal.com,Female
Jamey,Mcasparan,jmcasparan9h@ustream.tv,Male
Silas,Jacobson,sjacobson9i@facebook.com,Male
Thatch,Oak,toak9j@odnoklassniki.ru,Male
Reeta,Thomazin,rthomazin9k@trellian.com,Female
Boycie,Gyles,bgyles9l@economist.com,Male
Alisun,Kimbury,akimbury9m@netlog.com,Female
Imelda,Cappel,icappel9n@arstechnica.com,Female
Keir,Going,kgoing9o@digg.com,Male
Siobhan,Brittles,sbrittles9p@goo.ne.jp,Female
Dorry,Stollenhof,dstollenhof9q@typepad.com,Female
Ginny,Shobrook,gshobrook9r@godaddy.com,Female
Emily,Whelpton,ewhelpton9s@slate.com,Female
Tommi,Bazylets,tbazylets9t@npr.org,Female
Cherie,Soulsby,csoulsby9u@acquirethisname.com,Female
Osmond,Crunkhurn,ocrunkhurn9v@typepad.com,Male
Malory,Tomaszynski,mtomaszynski9w@clickbank.net,Female
Aldrich,Grinov,agrinov9x@netvibes.com,Male
Benetta,Sager,bsager9y@livejournal.com,Female
Park,McKinie,pmckinie9z@adobe.com,Male
Graehme,Doe,gdoea0@livejournal.com,Male
Keelia,Powley,kpowleya1@pagesperso-orange.fr,Female
Timofei,Towriss,ttowrissa2@wikispaces.com,Male
Stacia,Ransley,sransleya3@ted.com,Female
Nels,Samet,nsameta4@ucsd.edu,Male
Lucais,Stollenbeck,lstollenbecka5@hao123.com,Male
Tobe,Denge,tdengea6@blogs.com,Male
Maighdiln,Treadgear,mtreadgeara7@privacy.gov.au,Female
Morton,Gamlin,mgamlina8@deviantart.com,Male
Clayson,Cordet,ccordeta9@sphinn.com,Male
Decca,Hatliff,dhatliffaa@youtu.be,Male
Felecia,Eskrigg,feskriggab@noaa.gov,Female
Gibby,Fasset,gfassetac@ovh.net,Male
Harman,Gravenor,hgravenorad@bravesites.com,Male
Sholom,Stow,sstowae@nhs.uk,Male
Tate,Mottram,tmottramaf@spotify.com,Male
Beverly,Course,bcourseag@deliciousdays.com,Female
Hi,Kisby,hkisbyah@oakley.com,Male
Cymbre,Doveston,cdovestonai@mashable.com,Female
Pascal,Weatherall,pweatherallaj@simplemachines.org,Male
Borden,Jacombs,bjacombsak@histats.com,Male
Conny,MacFarland,cmacfarlandal@youku.com,Female
Cullan,Longhirst,clonghirstam@gmpg.org,Male
Bar,Douberday,bdouberdayan@booking.com,Male
Jenda,Pembridge,jpembridgeao@moonfruit.com,Female
Basilio,Best,bbestap@washington.edu,Male
Yolanda,Turmel,yturmelaq@gnu.org,Female
Basil,Bernardy,bbernardyar@cbslocal.com,Male
Marvin,Worters,mwortersas@earthlink.net,Male
Katey,Chiverton,kchivertonat@blogspot.com,Female
Kerry,Apted,kaptedau@prnewswire.com,Female
Georgena,Mickleborough,gmickleboroughav@state.tx.us,Female
Barthel,Yoxen,byoxenaw@e-recht24.de,Male
Nancey,Toppes,ntoppesax@blinklist.com,Female
Antony,Kirdsch,akirdschay@go.com,Male
Conroy,Bearne,cbearneaz@spotify.com,Male
Barnie,Verty,bvertyb0@nps.gov,Male
Hermann,Yarnall,hyarnallb1@storify.com,Male
Latrina,Penburton,lpenburtonb2@friendfeed.com,Female
Olivier,Corrin,ocorrinb3@theguardian.com,Male
Ram,Quartly,rquartlyb4@vimeo.com,Male
Jasmine,Janning,jjanningb5@creativecommons.org,Female
Vinny,Fowden,vfowdenb6@g.co,Female
Rosalyn,Ringe,rringeb7@over-blog.com,Female
Burtie,Alejo,balejob8@gravatar.com,Male
Tracy,McNeilley,tmcneilleyb9@technorati.com,Male
Gale,Godby,ggodbyba@vinaora.com,Female
Adaline,Smithies,asmithiesbb@salon.com,Female
Bambie,Iannazzi,biannazzibc@chronoengine.com,Female
Moira,Creasey,mcreaseybd@constantcontact.com,Female
Terra,Burch,tburchbe@meetup.com,Female
Derek,Manifold,dmanifoldbf@about.me,Male
Ysabel,Sanbrooke,ysanbrookebg@abc.net.au,Female
Kristine,Sponder,ksponderbh@oaic.gov.au,Female
Helli,McDermot,hmcdermotbi@smugmug.com,Female
Flss,Storry,fstorrybj@sun.com,Female
Renado,Habbal,rhabbalbk@a8.net,Male
Betti,Moens,bmoensbl@cmu.edu,Female
Rossie,Raith,rraithbm@gov.uk,Male
Lavinie,Woolerton,lwoolertonbn@mtv.com,Female
Benny,Kinglesyd,bkinglesydbo@abc.net.au,Female
Rafferty,Camolli,rcamollibp@pagesperso-orange.fr,Male
Oralia,Olander,oolanderbq@nasa.gov,Female
Lian,Senecaut,lsenecautbr@salon.com,Female
Leonanie,Tamlett,ltamlettbs@bloglines.com,Female
Vladamir,Randles,vrandlesbt@imdb.com,Male
Farrah,Ettritch,fettritchbu@smh.com.au,Female
Shawn,Aldcorn,saldcornbv@usnews.com,Female
Ashien,Minguet,aminguetbw@google.de,Female
Estell,McGookin,emcgookinbx@rambler.ru,Female
Derrick,Crowth,dcrowthby@gravatar.com,Male
Ogdon,Feldmark,ofeldmarkbz@myspace.com,Male
Padraig,Brader,pbraderc0@diigo.com,Male
Wally,Freake,wfreakec1@blogtalkradio.com,Male
Pedro,Loader,ploaderc2@smugmug.com,Male
Broddy,Pittendreigh,bpittendreighc3@odnoklassniki.ru,Male
Carlin,Wickerson,cwickersonc4@t-online.de,Female
Oren,Woolaston,owoolastonc5@surveymonkey.com,Male
Dael,Challes,dchallesc6@shareasale.com,Male
Theadora,Grice,tgricec7@facebook.com,Female
Kristoffer,Keeler,kkeelerc8@psu.edu,Male
Faith,Fardon,ffardonc9@tinypic.com,Female
Joyan,Jandel,jjandelca@soundcloud.com,Female
Pasquale,Figures,pfigurescb@tuttocitta.it,Male
Terry,Drayson,tdraysoncc@quantcast.com,Male
Benny,Augur,baugurcd@china.com.cn,Male
Thurstan,Wadsworth,twadsworthce@google.cn,Male
Martainn,Hincks,mhinckscf@themeforest.net,Male
Craggie,Proschke,cproschkecg@craigslist.org,Male
Osbert,Gilchrist,ogilchristch@ehow.com,Male
Junina,Petche,jpetcheci@scientificamerican.com,Female
Valeda,Georgescu,vgeorgescucj@aboutads.info,Female
Steffie,Kneaphsey,skneaphseyck@marriott.com,Female
Keelia,Saynor,ksaynorcl@oakley.com,Female
Kipp,Ascough,kascoughcm@studiopress.com,Male
Oswell,Bault,obaultcn@geocities.com,Male
Dominique,Beert,dbeertco@xrea.com,Male
Arden,Pietrusiak,apietrusiakcp@jigsy.com,Female
Worth,Ratchford,wratchfordcq@privacy.gov.au,Male
Vassili,Prevost,vprevostcr@comsenz.com,Male
Ekaterina,Wilce,ewilcecs@amazon.de,Female
Katrinka,Goare,kgoarect@biblegateway.com,Female
Cherilynn,Merricks,cmerrickscu@amazon.co.jp,Female
Benedicto,Martinets,bmartinetscv@eepurl.com,Male
Niels,Hayhow,nhayhowcw@time.com,Male
Valentine,Warhurst,vwarhurstcx@ovh.net,Female
Sigismondo,Tingly,stinglycy@rakuten.co.jp,Male
Kathe,Gerner,kgernercz@businesswire.com,Female
Margarete,Nannetti,mnannettid0@discuz.net,Female
Prinz,Easom,peasomd1@diigo.com,Male
Leigh,Newson,lnewsond2@discovery.com,Male
Kimble,Causton,kcaustond3@skyrock.com,Male
Vivia,MacAne,vmacaned4@blogs.com,Female
Susanetta,Braim,sbraimd5@toplist.cz,Female
Gregorius,Imorts,gimortsd6@nbcnews.com,Male
Alister,O'Dempsey,aodempseyd7@squarespace.com,Male
Cynthie,Rennard,crennardd8@reverbnation.com,Female
Ilse,Dodshon,idodshond9@nba.com,Female
Frannie,Meddemmen,fmeddemmenda@studiopress.com,Female
Georgiana,Cymper,gcymperdb@webeden.co.uk,Female
Ax,Martinolli,amartinollidc@who.int,Male
Babara,Minear,bmineardd@gov.uk,Female
Tiphani,Wynne,twynnede@google.com.hk,Female
Fleming,Erskin,ferskindf@omniture.com,Male
Alejoa,Sharvill,asharvilldg@noaa.gov,Male
Pavia,Forten,pfortendh@surveymonkey.com,Female
Oriana,Sampson,osampsondi@walmart.com,Female
Sully,Van den Oord,svandenoorddj@ca.gov,Male
Kerk,Swanborough,kswanboroughdk@comcast.net,Male
Maurizia,Coats,mcoatsdl@wired.com,Female
Guillaume,Etty,gettydm@artisteer.com,Male
Lorie,Elson,lelsondn@gizmodo.com,Female
Zared,Smythe,zsmythedo@wix.com,Male
Galvan,Taffs,gtaffsdp@cloudflare.com,Male
Thom,Hinnerk,thinnerkdq@mysql.com,Male
Blaine,Hulmes,bhulmesdr@google.co.jp,Male
Maryellen,Ivushkin,mivushkinds@eepurl.com,Female
Gina,Allanson,gallansondt@sciencedirect.com,Female
Creigh,McCalister,cmccalisterdu@shop-pro.jp,Male
Sheffie,Toolan,stoolandv@tuttocitta.it,Male
Drucill,Champley,dchampleydw@addthis.com,Female
Urbain,Beaven,ubeavendx@elegantthemes.com,Male
Nicolle,Cockayne,ncockaynedy@wikipedia.org,Female
Denys,Hanlon,dhanlondz@narod.ru,Male
Worthy,Delbergue,wdelberguee0@sciencedaily.com,Male
Jemmy,Shrimptone,jshrimptonee1@bizjournals.com,Female
Jose,Bauduin,jbauduine2@kickstarter.com,Male
Justus,Marcham,jmarchame3@ucla.edu,Male
Teresa,Spick,tspicke4@merriam-webster.com,Female
Friedrick,Hickin,fhickine5@tumblr.com,Male
Allen,Lantiff,alantiffe6@vkontakte.ru,Male
Erin,Laurenz,elaurenze7@pbs.org,Male
Glory,Cogswell,gcogswelle8@hostgator.com,Female
Ugo,Stollberger,ustollbergere9@discuz.net,Male
Ray,Di Carlo,rdicarloea@gravatar.com,Male
Sarge,Lympenie,slympenieeb@usnews.com,Male
Northrop,Kimblin,nkimblinec@cocolog-nifty.com,Male
Delora,Spears,dspearsed@squarespace.com,Female
Alfie,Shitliffe,ashitliffeee@sciencedirect.com,Female
Tarah,Kubicki,tkubickief@opensource.org,Female
Tammara,Rutherford,trutherfordeg@bizjournals.com,Female
Artie,Scare,ascareeh@cornell.edu,Male
Silva,Comrie,scomrieei@squidoo.com,Female
Elvis,Merrick,emerrickej@chronoengine.com,Male
Brinna,Triplett,btriplettek@discovery.com,Female
Ulick,Ambrosini,uambrosiniel@sourceforge.net,Male
Barr,Hellmer,bhellmerem@wp.com,Male
Ardith,Otteridge,aotteridgeen@kickstarter.com,Female
Heath,Harnor,hharnoreo@oracle.com,Female
Cecily,Alsopp,calsoppep@redcross.org,Female
Benjamin,Byneth,bbynetheq@multiply.com,Male
Benton,Charge,bchargeer@over-blog.com,Male
Inglis,Schrieves,ischrieveses@state.gov,Male
Hamish,Fetters,hfetterset@quantcast.com,Male
Cyndi,Trippick,ctrippickeu@nyu.edu,Female
Carter,Pocknell,cpocknellev@ameblo.jp,Male
Flin,Anderbrugge,fanderbruggeew@boston.com,Male
Murdock,Maling,mmalingex@wikimedia.org,Male
Raquela,Lassell,rlasselley@de.vu,Female
Miguel,Freestone,mfreestoneez@goo.gl,Male
Heather,Whittock,hwhittockf0@cmu.edu,Female
Travers,Athey,tatheyf1@hibu.com,Male
Christophe,Holtaway,choltawayf2@slideshare.net,Male
Denis,Haruard,dharuardf3@meetup.com,Male
Nicolais,Klemensiewicz,nklemensiewiczf4@domainmarket.com,Male
Judi,Jerisch,jjerischf5@businessweek.com,Female
Thelma,Walton,twaltonf6@prweb.com,Female
Kelbee,Ayllett,kayllettf7@independent.co.uk,Male
Sutton,Mathivat,smathivatf8@yolasite.com,Male
Adella,Eles,aelesf9@huffingtonpost.com,Female
Rodrique,Willes,rwillesfa@imgur.com,Male
Catherine,Abramovici,cabramovicifb@e-recht24.de,Female
Nadean,Lenham,nlenhamfc@mapquest.com,Female
Birk,Clethro,bclethrofd@dion.ne.jp,Male
Andree,Truran,atruranfe@blogspot.com,Female
Reinhold,Hemeret,rhemeretff@eepurl.com,Male
Constantia,Tyce,ctycefg@fda.gov,Female
Cal,MacNeilly,cmacneillyfh@shareasale.com,Female
Mariejeanne,Barton,mbartonfi@ning.com,Female
Tomas,Jarville,tjarvillefj@buzzfeed.com,Male
Crista,Vittery,cvitteryfk@newsvine.com,Female
Lilias,Mathwin,lmathwinfl@yellowpages.com,Female
Kristina,Klisch,kklischfm@eventbrite.com,Female
Devlin,Lawless,dlawlessfn@google.co.uk,Male
Lin,Hammor,lhammorfo@berkeley.edu,Female
Lurette,Draye,ldrayefp@amazon.com,Female
Marna,Undy,mundyfq@cbslocal.com,Female
Ede,Ely,eelyfr@youtube.com,Female
Costanza,Duxbarry,cduxbarryfs@wikispaces.com,Female
Elsy,Dael,edaelft@time.com,Female
Sax,Vahey,svaheyfu@theglobeandmail.com,Male
Cos,Whittaker,cwhittakerfv@1688.com,Male
Juditha,McCaughran,jmccaughranfw@google.co.jp,Female
Skye,Allawy,sallawyfx@sakura.ne.jp,Male
Delmar,Crumbleholme,dcrumbleholmefy@freewebs.com,Male
Wilbur,Cleve,wclevefz@chron.com,Male
Kingston,Callacher,kcallacherg0@nature.com,Male
Angelico,Daldan,adaldang1@time.com,Male
Nicholle,Reggler,nregglerg2@ihg.com,Female
Parsifal,Haselwood,phaselwoodg3@w3.org,Male
Paton,Mayes,pmayesg4@uol.com.br,Male
Isabel,Imeson,iimesong5@scribd.com,Female
Welby,Cometti,wcomettig6@amazon.com,Male
Ulrich,Firmin,ufirming7@statcounter.com,Male
Bertrando,Twydell,btwydellg8@columbia.edu,Male
Gregoire,Cocksedge,gcocksedgeg9@vkontakte.ru,Male
Stern,Scane,sscanega@addthis.com,Male
Ellery,Attkins,eattkinsgb@surveymonkey.com,Male
Diann,Wyness,dwynessgc@live.com,Female
Vere,Stitt,vstittgd@engadget.com,Female
Ely,Brogioni,ebrogionige@independent.co.uk,Male
Reese,Goldthorp,rgoldthorpgf@nba.com,Male
Reginauld,Blackaller,rblackallergg@uol.com.br,Male
Robena,Willerton,rwillertongh@shutterfly.com,Female
Hastings,Lockless,hlocklessgi@posterous.com,Male
Antoine,Siuda,asiudagj@yellowbook.com,Male
Kristos,Stockings,kstockingsgk@artisteer.com,Male
Maire,Sapsford,msapsfordgl@dailymail.co.uk,Female
Tonnie,Presnail,tpresnailgm@wisc.edu,Male
Denny,Wallice,dwallicegn@home.pl,Male
Jacquette,Hutable,jhutablego@geocities.jp,Female
Samuele,Brickhill,sbrickhillgp@seattletimes.com,Male
Alexa,Champken,achampkengq@globo.com,Female
Mathias,Salvadori,msalvadorigr@liveinternet.ru,Male
Gipsy,Aylwin,gaylwings@cdc.gov,Female
Ali,Hardwell,ahardwellgt@livejournal.com,Male
Aleece,Tuffin,atuffingu@hud.gov,Female
Evy,Adolf,eadolfgv@indiegogo.com,Female
Lyman,Perfect,lperfectgw@about.com,Male
Andra,Kabos,akabosgx@usda.gov,Female
Evvie,Heggman,eheggmangy@nymag.com,Female
Aurore,McGaffey,amcgaffeygz@chron.com,Female
Nanon,Diaper,ndiaperh0@telegraph.co.uk,Female
Clyde,Collacombe,ccollacombeh1@spotify.com,Male
Stanislaw,Bercevelo,sberceveloh2@dot.gov,Male
Debee,Evitts,devittsh3@pinterest.com,Female
Daisy,Kiezler,dkiezlerh4@tiny.cc,Female
Tudor,Geggie,tgeggieh5@jalbum.net,Male
Laurena,Deely,ldeelyh6@merriam-webster.com,Female
Reagan,Braiden,rbraidenh7@yolasite.com,Male
Ingeberg,Dublin,idublinh8@dagondesign.com,Female
Cristen,Timcke,ctimckeh9@cargocollective.com,Female
Brooke,MacGaughy,bmacgaughyha@howstuffworks.com,Female
Marci,Mickan,mmickanhb@wikia.com,Female
Hillyer,Yeardley,hyeardleyhc@linkedin.com,Male
Victoir,Grigore,vgrigorehd@deviantart.com,Male
Domenico,Rolse,drolsehe@alibaba.com,Male
Michal,Lewty,mlewtyhf@51.la,Male
Ezmeralda,Mc Pake,emcpakehg@nyu.edu,Female
Evyn,Mccaull,emccaullhh@umich.edu,Male
Sarajane,Castelyn,scastelynhi@theguardian.com,Female
Gustavus,Fromant,gfromanthj@delicious.com,Male
Zeke,Burgher,zburgherhk@msn.com,Male
Bank,Rhys,brhyshl@seattletimes.com,Male
Jillene,Frantzen,jfrantzenhm@techcrunch.com,Female
Carleen,Sharrem,csharremhn@independent.co.uk,Female
Phedra,Carthew,pcarthewho@mapy.cz,Female
Myrtle,Durward,mdurwardhp@house.gov,Female
Eleonora,Mergue,emerguehq@ihg.com,Female
Milt,Gribbell,mgribbellhr@zimbio.com,Male
Dion,Wimpenny,dwimpennyhs@dailymail.co.uk,Male
Rollo,Malcolm,rmalcolmht@webs.com,Male
Monro,Mc Gaughey,mmcgaugheyhu@ovh.net,Male
Karly,Flament,kflamenthv@multiply.com,Female
Enid,Smalridge,esmalridgehw@springer.com,Female
Odilia,Roxburch,oroxburchhx@imdb.com,Female
Morgen,Krimmer,mkrimmerhy@angelfire.com,Male
Mariette,Guilloton,mguillotonhz@usnews.com,Female
Selinda,Marklin,smarklini0@lulu.com,Female
Ase,Drane,adranei1@wikimedia.org,Male
Bea,Cortin,bcortini2@mozilla.org,Female
Prentiss,Morgen,pmorgeni3@engadget.com,Male
Guillemette,Kirsch,gkirschi4@yolasite.com,Female
Delores,Farrington,dfarringtoni5@163.com,Female
Camala,Benedidick,cbenedidicki6@oakley.com,Female
Dorothy,Dominelli,ddominellii7@rambler.ru,Female
Rock,Cuardall,rcuardalli8@skyrock.com,Male
Olivette,Garrod,ogarrodi9@xrea.com,Female
Dotti,Olcot,dolcotia@free.fr,Female
Kirsti,Voden,kvodenib@google.nl,Female
Cyndie,Pressman,cpressmanic@loc.gov,Female
Sheppard,O'Calleran,socalleranid@constantcontact.com,Male
Roland,Goldsberry,rgoldsberryie@1und1.de,Male
Heinrik,Pigram,hpigramif@hp.com,Male
Meade,Sibbald,msibbaldig@simplemachines.org,Male
Kellsie,Muldowney,kmuldowneyih@cloudflare.com,Female
Jasmin,Orhtmann,jorhtmannii@merriam-webster.com,Female
Helenka,Dalrymple,hdalrympleij@altervista.org,Female
Nerty,Phetteplace,nphetteplaceik@trellian.com,Female
Thane,Moses,tmosesil@moonfruit.com,Male
Chan,Tippett,ctippettim@bloglines.com,Male
Elias,Lideard,elideardin@ning.com,Male
Fairfax,Giannasi,fgiannasiio@webs.com,Male
Hailey,Vargas,hvargasip@feedburner.com,Male
Kayne,MacAlpin,kmacalpiniq@businessweek.com,Male
Ransom,Albro,ralbroir@constantcontact.com,Male
Tony,Hay,thayis@alexa.com,Male
Sheilah,Ingray,singrayit@4shared.com,Female
Ellswerth,Agott,eagottiu@amazon.co.uk,Male
Diego,Facchini,dfacchiniiv@moonfruit.com,Male
Mickie,Cavaney,mcavaneyiw@toplist.cz,Male
Chick,Arrell,carrellix@kickstarter.com,Male
Catrina,Humbee,chumbeeiy@mlb.com,Female
Heidi,Vaughn,hvaughniz@360.cn,Female
Timoteo,Feechum,tfeechumj0@mashable.com,Male
Jeralee,Quogan,jquoganj1@drupal.org,Female
Stephen,Faivre,sfaivrej2@state.gov,Male
Ulrika,Bocke,ubockej3@mozilla.org,Female
Constantino,Yabsley,cyabsleyj4@si.edu,Male
Bordy,Crickmore,bcrickmorej5@reddit.com,Male
Roxy,Staniland,rstanilandj6@nationalgeographic.com,Female
Luke,Batter,lbatterj7@t-online.de,Male
Filippo,Abrahamsohn,fabrahamsohnj8@homestead.com,Male
Odele,Mallion,omallionj9@webeden.co.uk,Female
Gale,Chappelle,gchappelleja@cornell.edu,Male
Daven,Destouche,ddestouchejb@bbc.co.uk,Male
Beilul,Pickerin,bpickerinjc@redcross.org,Female
Olvan,Lympenie,olympeniejd@ameblo.jp,Male
Koressa,Taffurelli,ktaffurellije@webmd.com,Female
Robers,Coche,rcochejf@utexas.edu,Male
Shannah,Kopmann,skopmannjg@arstechnica.com,Female
Shay,Blase,sblasejh@blogspot.com,Male
Minnnie,Dulieu,mdulieuji@hhs.gov,Female
Leese,Tunnick,ltunnickjj@sohu.com,Female
Hardy,Aslam,haslamjk@oakley.com,Male
Madeleine,Anglin,manglinjl@tinyurl.com,Female
Aretha,De Angelis,adeangelisjm@google.nl,Female
Robin,Aird,rairdjn@microsoft.com,Female
Cullie,Radwell,cradwelljo@admin.ch,Male
Irvin,Klosser,iklosserjp@abc.net.au,Male
Marcie,Jura,mjurajq@nbcnews.com,Female
Jamal,Louch,jlouchjr@un.org,Male
Kirby,Staunton,kstauntonjs@merriam-webster.com,Male
Katina,Austins,kaustinsjt@wikipedia.org,Female
Meir,Hardi,mhardiju@answers.com,Male
Demetra,Maiden,dmaidenjv@imageshack.us,Female
Willie,Sivyour,wsivyourjw@slashdot.org,Female
Dolf,Loosley,dloosleyjx@jalbum.net,Male
Dominick,Nani,dnanijy@blogtalkradio.com,Male
Ameline,Nollet,anolletjz@oaic.gov.au,Female
Roi,Croney,rcroneyk0@creativecommons.org,Male
Gil,Sedman,gsedmank1@soundcloud.com,Male
Nil,Leggen,nleggenk2@weibo.com,Male
Kris,Whyborn,kwhybornk3@pagesperso-orange.fr,Male
Duane,Ambler,damblerk4@ed.gov,Male
Carlynne,Eynon,ceynonk5@blogs.com,Female
Nataline,Peatt,npeattk6@pcworld.com,Female
Gabriel,Wilkes,gwilkesk7@tumblr.com,Male
Mayor,Kidman,mkidmank8@chicagotribune.com,Male
Hannis,O'Day,hodayk9@time.com,Female
Pearce,Keyes,pkeyeska@adobe.com,Male
Leslie,Habben,lhabbenkb@arstechnica.com,Female
Findlay,O'Dempsey,fodempseykc@cyberchimps.com,Male
Oralee,McMinn,omcminnkd@plala.or.jp,Female
Heall,Fleetwood,hfleetwoodke@about.com,Male
Vin,Gather,vgatherkf@cpanel.net,Female
Rees,Augustus,raugustuskg@blogs.com,Male
Kandy,Mathwin,kmathwinkh@redcross.org,Female
Brandais,Krates,bkrateski@4shared.com,Female
Fiann,O'Bradain,fobradainkj@addthis.com,Female
Samantha,Trevethan,strevethankk@amazon.co.jp,Female
Eli,Jorioz,ejoriozkl@theguardian.com,Male
Harland,Iddins,hiddinskm@dailymail.co.uk,Male
Tatiania,Cuddy,tcuddykn@paypal.com,Female
Emelina,Trickett,etrickettko@abc.net.au,Female
Tammie,Trosdall,ttrosdallkp@auda.org.au,Male
Alden,Hutchin,ahutchinkq@icio.us,Male
Filmore,Hambleton,fhambletonkr@vk.com,Male
Markos,Westcott,mwestcottks@livejournal.com,Male
Bobbi,Burcombe,bburcombekt@tripadvisor.com,Female
Bryan,Muddimer,bmuddimerku@wired.com,Male
Cecilio,Druett,cdruettkv@imdb.com,Male
Clemente,Obray,cobraykw@google.com.au,Male
Terry,Gregersen,tgregersenkx@marriott.com,Female
Dolly,Glyne,dglyneky@walmart.com,Female
Patricio,Handy,phandykz@aboutads.info,Male
Lesley,McAvin,lmcavinl0@shop-pro.jp,Male
Dave,Sommer,dsommerl1@washingtonpost.com,Male
Townie,Wordsley,twordsleyl2@dot.gov,Male
Katrina,Van den Oord,kvandenoordl3@joomla.org,Female
Tobie,Laval,tlavall4@ed.gov,Male
Isa,Emtage,iemtagel5@spiegel.de,Male
Paige,Garrood,pgarroodl6@ft.com,Female
Jane,Panketh,jpankethl7@fema.gov,Female
Mady,Fudge,mfudgel8@opera.com,Female
Johnath,Hartfield,jhartfieldl9@apache.org,Female
Sabina,Tinan,stinanla@flavors.me,Female
Nessa,Urian,nurianlb@hp.com,Female
Erika,McNab,emcnablc@bloomberg.com,Female
Roobbie,Hastwall,rhastwallld@abc.net.au,Female
Imelda,Sheardown,isheardownle@prnewswire.com,Female
Viv,Dibner,vdibnerlf@squidoo.com,Female
Waly,McCaughen,wmccaughenlg@flavors.me,Female
Heywood,Wickett,hwickettlh@123-reg.co.uk,Male
Tressa,Engall,tengallli@mashable.com,Female
Iorgos,Petran,ipetranlj@bluehost.com,Male
Amalie,Skeete,askeetelk@census.gov,Female
Mara,Feore,mfeorell@drupal.org,Female
Wandis,Jancey,wjanceylm@un.org,Female
Valene,Treasaden,vtreasadenln@home.pl,Female
Karlan,Twitchings,ktwitchingslo@house.gov,Male
Sibby,Antyshev,santyshevlp@time.com,Female
Terrell,Oatley,toatleylq@census.gov,Male
Cletus,Paskerful,cpaskerfullr@imageshack.us,Male
Vassily,Broxap,vbroxapls@google.com.br,Male
Angus,Pickup,apickuplt@t.co,Male
Ram,Crighton,rcrightonlu@netlog.com,Male
Danella,Peachman,dpeachmanlv@behance.net,Female
Neville,Pauletto,npaulettolw@whitehouse.gov,Male
Jorie,Copner,jcopnerlx@qq.com,Female
Christalle,Sapsed,csapsedly@hc360.com,Female
Clotilda,Tindall,ctindalllz@gov.uk,Female
Maxie,De Atta,mdeattam0@java.com,Male
Baily,Hrishchenko,bhrishchenkom1@blinklist.com,Male
Tyrus,Vasilik,tvasilikm2@bbc.co.uk,Male
Ranice,Dollard,rdollardm3@paypal.com,Female
Joyous,Dmitrichenko,jdmitrichenkom4@godaddy.com,Female
Sheila,Lackinton,slackintonm5@economist.com,Female
Stacia,Scarsbrick,sscarsbrickm6@typepad.com,Female
Udell,Pettican,upetticanm7@about.me,Male
Hedy,Sawnwy,hsawnwym8@japanpost.jp,Female
Kienan,Balazin,kbalazinm9@webmd.com,Male
Mercedes,Lorimer,mlorimerma@soup.io,Female
Finn,Bridal,fbridalmb@hhs.gov,Male
Eachelle,Creasy,ecreasymc@printfriendly.com,Female
Christoffer,Rabson,crabsonmd@mapy.cz,Male
Steffi,Lamyman,slamymanme@slate.com,Female
Zebulon,Reyne,zreynemf@cloudflare.com,Male
Sonya,Westby,swestbymg@addthis.com,Female
Silas,Loncaster,sloncastermh@t-online.de,Male
Valentine,Macilhench,vmacilhenchmi@sfgate.com,Female
Fee,McDonell,fmcdonellmj@bravesites.com,Male
Leanna,Lysaght,llysaghtmk@psu.edu,Female
Leta,Mughal,lmughalml@linkedin.com,Female
Lena,Volks,lvolksmm@wunderground.com,Female
Joyce,Calabry,jcalabrymn@twitter.com,Female
Michel,Willoughway,mwilloughwaymo@taobao.com,Male
Thorvald,Voden,tvodenmp@apache.org,Male
Tammie,Olligan,tolliganmq@cbc.ca,Male
Neville,Merrilees,nmerrileesmr@elpais.com,Male
Maynord,Mc Cahey,mmccaheyms@epa.gov,Male
Dido,Fieldgate,dfieldgatemt@linkedin.com,Female
Gweneth,Pridden,gpriddenmu@pcworld.com,Female
Carrie,Liver,clivermv@hc360.com,Female
Vivienne,Chicken,vchickenmw@printfriendly.com,Female
Halie,Gasperi,hgasperimx@army.mil,Female
Sarajane,Barca,sbarcamy@archive.org,Female
Xena,Gammel,xgammelmz@princeton.edu,Female
Kippar,Windaybank,kwindaybankn0@hc360.com,Male
Joelie,Thomerson,jthomersonn1@cornell.edu,Female
Jilleen,Shimoni,jshimonin2@cpanel.net,Female
Emmalynne,Skittrell,eskittrelln3@1und1.de,Female
Correy,Gregor,cgregorn4@feedburner.com,Male
Kippy,Treleaven,ktreleavenn5@fastcompany.com,Male
Caddric,Buesnel,cbuesneln6@google.com,Male
Zak,Jobbins,zjobbinsn7@ezinearticles.com,Male
Percy,Nansom,pnansomn8@diigo.com,Male
Reynard,Friedenbach,rfriedenbachn9@feedburner.com,Male
Elroy,Vina,evinana@ifeng.com,Male
Harlin,Tilby,htilbynb@jugem.jp,Male
Ann-marie,Walden,awaldennc@meetup.com,Female
Kelly,Labb,klabbnd@cocolog-nifty.com,Male
Dieter,Agg,daggne@slashdot.org,Male
Dania,Buttriss,dbuttrissnf@cloudflare.com,Female
Charlotta,Postles,cpostlesng@cbsnews.com,Female
Floyd,Cheatle,fcheatlenh@mapquest.com,Male
Constanta,Rathbourne,crathbourneni@newyorker.com,Female
Arlen,Baudon,abaudonnj@oracle.com,Female
Brody,Dullard,bdullardnk@reference.com,Male
Ian,Cody,icodynl@github.io,Male
Junina,Kedie,jkedienm@1688.com,Female
Annissa,O'Bruen,aobruennn@gizmodo.com,Female
Etan,Fraczkiewicz,efraczkiewiczno@loc.gov,Male
Rebekah,Barbour,rbarbournp@amazon.co.uk,Female
Torey,Eddisforth,teddisforthnq@wikimedia.org,Male
Staffard,Bellham,sbellhamnr@i2i.jp,Male
Avigdor,Chiswell,achiswellns@eepurl.com,Male
Ellis,Kimbley,ekimbleynt@deliciousdays.com,Male
Fee,Pinilla,fpinillanu@list-manage.com,Male
Ransell,Franscioni,rfranscioninv@harvard.edu,Male
Ruggiero,Oda,rodanw@fastcompany.com,Male
Padraig,Dace,pdacenx@people.com.cn,Male
David,Tickner,dticknerny@washington.edu,Male
Roderic,Abad,rabadnz@typepad.com,Male
Stafford,Di Pietro,sdipietroo0@homestead.com,Male
Gabi,Martignon,gmartignono1@vimeo.com,Male
Hugh,Theriot,htherioto2@de.vu,Male
Borden,Trotter,btrottero3@youtube.com,Male
Aileen,Towriss,atowrisso4@youku.com,Female
Shani,Carayol,scarayolo5@ucsd.edu,Female
Marietta,Seman,msemano6@un.org,Male
Ingeberg,Hoodlass,ihoodlasso7@vistaprint.com,Female
Camellia,Saffen,csaffeno8@ning.com,Female
Yardley,McIlwrath,ymcilwratho9@npr.org,Male
Wyatan,Ebrall,webralloa@constantcontact.com,Male
Terra,Roxburgh,troxburghob@opera.com,Female
Willi,Oakton,woaktonoc@printfriendly.com,Male
Evelyn,Fludder,efludderod@cdbaby.com,Male
Edd,Killough,ekilloughoe@mozilla.org,Male
Morlee,Clausen,mclausenof@ucla.edu,Male
Stevana,Cudmore,scudmoreog@whitehouse.gov,Female
Helaina,Feldbrin,hfeldbrinoh@webnode.com,Female
Gardy,Vasilyonok,gvasilyonokoi@gmpg.org,Male
Carlotta,Pieche,cpiecheoj@wsj.com,Female
Dniren,McPartlin,dmcpartlinok@printfriendly.com,Female
Iris,Crucetti,icrucettiol@cloudflare.com,Female
Larisa,Vondrak,lvondrakom@amazon.co.uk,Female
Binnie,Marrison,bmarrisonon@hibu.com,Female
Lorry,Siaskowski,lsiaskowskioo@google.pl,Male
Dari,Bedham,dbedhamop@dyndns.org,Female
Shane,Cassels,scasselsoq@reference.com,Female
Abbye,Gringley,agringleyor@pbs.org,Female
Jody,Pumphreys,jpumphreysos@google.pl,Male
Mignon,Gentil,mgentilot@techcrunch.com,Female
Laurice,Walstow,lwalstowou@51.la,Female
Darnall,Rushmere,drushmereov@timesonline.co.uk,Male
Regine,Keal,rkealow@kickstarter.com,Female
Bendicty,Strond,bstrondox@multiply.com,Male
Leland,Falkingham,lfalkinghamoy@networkadvertising.org,Male
Garvy,Trahar,gtraharoz@ca.gov,Male
Emmerich,Forsard,eforsardp0@wikispaces.com,Male
Noak,Lampitt,nlampittp1@cnbc.com,Male
Krysta,Shepcutt,kshepcuttp2@ftc.gov,Female
Roda,Carmont,rcarmontp3@sakura.ne.jp,Female
Alex,Fairn,afairnp4@dropbox.com,Female
Eal,Standley,estandleyp5@thetimes.co.uk,Male
Gracie,Banks,gbanksp6@theguardian.com,Female
Cookie,Arundell,carundellp7@vk.com,Female
Perice,Tearle,ptearlep8@forbes.com,Male
Marlo,Lubeck,mlubeckp9@jigsy.com,Male
April,Robertsson,arobertssonpa@nationalgeographic.com,Female
Keelby,Sands,ksandspb@slate.com,Male
Clifford,Kinghorne,ckinghornepc@mysql.com,Male
Nollie,Maasz,nmaaszpd@edublogs.org,Male
Carter,Pantling,cpantlingpe@scientificamerican.com,Male
Birgitta,Denney,bdenneypf@nifty.com,Female
Richmound,Mogford,rmogfordpg@noaa.gov,Male
Hertha,Wyldbore,hwyldboreph@un.org,Female
Jo-ann,Alenichev,jalenichevpi@npr.org,Female
Saunders,Nash,snashpj@tuttocitta.it,Male
Frederigo,Yeliashev,fyeliashevpk@sbwire.com,Male
Garold,O'Dreain,godreainpl@yolasite.com,Male
Giordano,Jacqueminot,gjacqueminotpm@oaic.gov.au,Male
Chelsae,Motte,cmottepn@go.com,Female
Benedick,Antram,bantrampo@europa.eu,Male
Robyn,Capineer,rcapineerpp@webs.com,Female
Jeniece,Hardacre,jhardacrepq@jigsy.com,Female
Gizela,Hambridge,ghambridgepr@bloomberg.com,Female
Mike,Natte,mnatteps@tiny.cc,Male
Niles,Purnell,npurnellpt@nba.com,Male
Myrtia,Cuffe,mcuffepu@howstuffworks.com,Female
Tybalt,Fochs,tfochspv@huffingtonpost.com,Male
Becki,Symington,bsymingtonpw@opensource.org,Female
Ameline,Vaskin,avaskinpx@delicious.com,Female
Mortie,Gawke,mgawkepy@fda.gov,Male
Ambur,Oloshkin,aoloshkinpz@fotki.com,Female
Amaleta,Zanetello,azanetelloq0@sogou.com,Female
Darrick,Bramwell,dbramwellq1@soundcloud.com,Male
Selia,Orpwood,sorpwoodq2@yelp.com,Female
Archaimbaud,Stebbin,astebbinq3@apache.org,Male
Lindsay,Turri,lturriq4@skype.com,Male
Ward,Colliard,wcolliardq5@ucoz.ru,Male
Tammy,Brotherheed,tbrotherheedq6@buzzfeed.com,Female
Jinny,Joost,jjoostq7@blog.com,Female
Olympie,Cromly,ocromlyq8@theglobeandmail.com,Female
Modesta,Jerams,mjeramsq9@1688.com,Female
Alisander,Courtman,acourtmanqa@adobe.com,Male
Karly,Franc,kfrancqb@sohu.com,Female
Rice,Pfeifer,rpfeiferqc@umn.edu,Male
Yulma,Fairest,yfairestqd@e-recht24.de,Male
Licha,Gatch,lgatchqe@webnode.com,Female
Carmita,Devereu,cdevereuqf@delicious.com,Female
Willey,Labbet,wlabbetqg@vinaora.com,Male
Zebedee,Furby,zfurbyqh@springer.com,Male
Cad,Vallentin,cvallentinqi@ask.com,Male
Montgomery,Edgecombe,medgecombeqj@disqus.com,Male
Eleanor,Meir,emeirqk@blog.com,Female
Jasper,Sadry,jsadryql@mysql.com,Male
Honoria,Janicijevic,hjanicijevicqm@nasa.gov,Female
Anissa,Stickley,astickleyqn@oracle.com,Female
Waylin,Grundon,wgrundonqo@xinhuanet.com,Male
Garrot,Key,gkeyqp@japanpost.jp,Male
Killian,Dymick,kdymickqq@harvard.edu,Male
Ashla,Gianulli,agianulliqr@histats.com,Female
Thelma,Ride,trideqs@infoseek.co.jp,Female
Clemente,Naisbitt,cnaisbittqt@merriam-webster.com,Male
Fiann,Wilshire,fwilshirequ@phoca.cz,Female
Inge,Matiewe,imatieweqv@dedecms.com,Female
Carolyn,Coomber,ccoomberqw@tamu.edu,Female
Jehanna,Stollmeyer,jstollmeyerqx@last.fm,Female
Carole,Oiller,coillerqy@disqus.com,Female
Dene,Kofax,dkofaxqz@salon.com,Male
Margery,Ulyatt,mulyattr0@google.com.br,Female
Joscelin,Plak,jplakr1@mysql.com,Female
Barton,GiacobbiniJacob,bgiacobbinijacobr2@ustream.tv,Male
Lind,Ibeson,libesonr3@deviantart.com,Female
Lebbie,Skoughman,lskoughmanr4@merriam-webster.com,Female
Ashton,Deners,adenersr5@goo.ne.jp,Male
Carson,Jarmyn,cjarmynr6@reverbnation.com,Male
Bertram,Sinnett,bsinnettr7@hhs.gov,Male
Jordain,Novak,jnovakr8@engadget.com,Female
Sarette,Woolston,swoolstonr9@sogou.com,Female
Stephie,Howsam,showsamra@huffingtonpost.com,Female
Stefano,Eldred,seldredrb@theglobeandmail.com,Male
Saloma,Bamsey,sbamseyrc@accuweather.com,Female
Burch,Jameson,bjamesonrd@networksolutions.com,Male
Ernestus,Grossman,egrossmanre@cdc.gov,Male
Rex,Speed,rspeedrf@mlb.com,Male
Galvin,Wherrett,gwherrettrg@time.com,Male
Amalle,Rowly,arowlyrh@reddit.com,Female
Jan,Rickell,jrickellri@deviantart.com,Female
Hardy,Abrahamoff,habrahamoffrj@so-net.ne.jp,Male
Elvera,Beardsworth,ebeardsworthrk@gnu.org,Female
Whitney,Reinger,wreingerrl@cam.ac.uk,Female
Babb,Scarf,bscarfrm@360.cn,Female
Ag,Trouncer,atrouncerrn@go.com,Female
Manuel,Peris,mperisro@goo.ne.jp,Male
Bay,Slark,bslarkrp@nationalgeographic.com,Male
Gertrudis,Daykin,gdaykinrq@macromedia.com,Female
Larry,Govern,lgovernrr@wikia.com,Male
Larry,Govern,lgovernrr@wikia.com,Male
